date,open,high,low,close,adjClose,volume,unadjustedVolume,change,changePercent,vwap,label,changeOverTime
2022-10-25,96.58,99.25,95.14,98.89,98.89,1809852.0,1809852.0,2.31,2.392,97.76,"October 25, 22",0.02392
2022-10-24,96.81,98.78,95.51,96.71,96.71,1645186.0,1645186.0,-0.1,-0.103,97.0,"October 24, 22",-0.00103
2022-10-21,98.97,99.27,95.325,97.02,97.02,1825609.0,1825609.0,-1.95,-1.97,97.205,"October 21, 22",-0.0197
2022-10-20,100.8,101.65,97.93,98.84,98.84,1126846.0,1126846.0,-1.96,-1.944,99.47333,"October 20, 22",-0.01944
2022-10-19,99.02,100.12,98.0164,99.53,99.53,1274435.0,1274435.0,0.51,0.515,99.22213,"October 19, 22",0.00515
2022-10-18,97.37,99.95,96.77,98.49,98.49,1912945.0,1912945.0,1.12,1.15,98.40333,"October 18, 22",0.0115
2022-10-17,95.11,97.67,94.96,97.2,97.2,1658856.0,1658856.0,2.09,2.197,96.61,"October 17, 22",0.02197
2022-10-14,99.95,100.42,95.07,95.32,95.32,1806746.0,1806746.0,-4.63,-4.632,96.93667,"October 14, 22",-0.04632
2022-10-13,98.8,102.48,98.06,101.96,101.96,1557306.0,1557306.0,3.16,3.198,100.83333,"October 13, 22",0.03198
2022-10-12,95.73,101.2,94.905,99.51,99.51,1992895.0,1992895.0,3.78,3.949,98.53833,"October 12, 22",0.03949
2022-10-11,95.52,98.51,94.81,96.6,96.6,1612229.0,1612229.0,1.08,1.131,96.64,"October 11, 22",0.01131
2022-10-10,102.7,105.45,97.34,97.63,97.63,1719817.0,1719817.0,-5.07,-4.937,100.14,"October 10, 22",-0.04937
2022-10-07,101.5,103.56,100.39,100.46,100.46,2167733.0,2167733.0,-1.04,-1.025,101.47,"October 07, 22",-0.01025
2022-10-06,101.83,103.87,101.05,101.65,101.65,2413110.0,2413110.0,-0.18,-0.177,102.19,"October 06, 22",-0.00177
2022-10-05,102.45,103.505,100.56,102.44,102.44,2111803.0,2111803.0,-0.01,-0.01,102.16833,"October 05, 22",-1.0E-4
2022-10-04,101.84,103.37,100.569,102.24,102.24,2946944.0,2946944.0,0.4,0.393,102.05967,"October 04, 22",0.00393
2022-10-03,95.98,99.47,95.98,98.93,98.93,2433950.0,2433950.0,2.95,3.074,98.12667,"October 03, 22",0.03074
2022-09-30,91.97,95.37,91.76,94.21,94.21,1801625.0,1801625.0,2.24,2.436,93.78,"September 30, 22",0.02436
2022-09-29,94.9,95.33,91.13,93.84,93.84,2096892.0,2096892.0,-1.06,-1.117,93.43333,"September 29, 22",-0.01117
2022-09-28,91.96,95.84,91.95,95.49,95.49,1685515.0,1685515.0,3.53,3.839,94.42667,"September 28, 22",0.03839
2022-09-27,92.3,93.875,91.165,91.89,91.89,2007048.0,2007048.0,-0.41,-0.444,92.31,"September 27, 22",-0.00444
2022-09-26,92.02,94.22,90.905,91.09,91.09,2418579.0,2418579.0,-0.93,-1.011,92.07167,"September 26, 22",-0.01011
2022-09-23,93.93,94.0,90.585,92.93,92.93,3189351.0,3189351.0,-1.0,-1.065,92.505,"September 23, 22",-0.01065
2022-09-22,104.36,105.03,98.35,98.53,98.53,1780298.0,1780298.0,-5.83,-5.586,100.63667,"September 22, 22",-0.05586
2022-09-21,104.8,105.36,101.46,102.08,102.08,1450261.0,1450261.0,-2.72,-2.595,102.96667,"September 21, 22",-0.02595
2022-09-20,101.75,103.645,99.885,102.61,102.61,1771116.0,1771116.0,0.86,0.845,102.04667,"September 20, 22",0.00845
2022-09-19,98.02,102.6,97.54,102.26,102.26,1643264.0,1643264.0,4.24,4.326,100.8,"September 19, 22",0.04326
2022-09-16,103.59,103.84,99.18,100.58,100.58,4653018.0,4653018.0,-3.01,-2.906,101.2,"September 16, 22",-0.02906
2022-09-15,101.64,104.2,100.996,103.59,103.59,1817375.0,1817375.0,1.95,1.919,102.92867,"September 15, 22",0.01919
2022-09-14,104.25,105.88,103.07,104.56,104.56,2238518.0,2238518.0,0.31,0.297,104.50333,"September 14, 22",0.00297
2022-09-13,102.91,104.99,100.63,101.43,101.43,1661363.0,1661363.0,-1.48,-1.438,102.35,"September 13, 22",-0.01438
2022-09-12,104.59,104.83,102.22,103.83,103.83,1403579.0,1403579.0,-0.76,-0.727,103.62667,"September 12, 22",-0.00727
2022-09-09,102.46,104.27,102.15,102.78,102.78,1713309.0,1713309.0,0.32,0.312,103.06667,"September 09, 22",0.00312
2022-09-08,98.68,101.02,97.1339,100.4,100.4,1415470.0,1415470.0,1.72,1.743,99.51797,"September 08, 22",0.01743
2022-09-07,94.5,98.01,92.8775,97.74,97.74,1719665.0,1719665.0,3.24,3.429,96.20917,"September 07, 22",0.03429
2022-09-06,99.17,99.75,96.18,96.53,96.53,2050783.0,2050783.0,-2.64,-2.662,97.48667,"September 06, 22",-0.02662
2022-09-02,101.44,101.44,99.09,99.74,99.74,1400242.0,1400242.0,-1.7,-1.676,100.09,"September 02, 22",-0.01676
2022-09-01,98.78,100.37,97.1,98.02,98.02,1505262.0,1505262.0,-0.76,-0.769,98.49667,"September 01, 22",-0.00769
2022-08-31,95.17,101.655,94.85,100.49,100.49,2415756.0,2415756.0,5.32,5.59,98.99833,"August 31, 22",0.0559
2022-08-30,100.28,100.84,95.71,97.89,97.89,2429207.0,2429207.0,-2.39,-2.383,98.14667,"August 30, 22",-0.02383
2022-08-29,102.39,105.5,101.5,103.77,103.77,1275907.0,1275907.0,1.38,1.348,103.59,"August 29, 22",0.01348
2022-08-26,103.85,105.55,103.0,103.66,103.66,1394223.0,1394223.0,-0.19,-0.183,104.07,"August 26, 22",-0.00183
2022-08-25,104.16,104.415,102.9301,103.8,103.8,1534931.0,1534931.0,-0.36,-0.346,103.71503,"August 25, 22",-0.00346
2022-08-24,100.95,104.04,99.7276,103.75,103.75,2179182.0,2179182.0,2.8,2.774,102.50587,"August 24, 22",0.02774
2022-08-23,102.0,103.64,98.945,100.37,100.37,2999446.0,2999446.0,-1.63,-1.598,100.985,"August 23, 22",-0.01598
2022-08-22,97.95,100.33,94.97,100.16,100.16,2638352.0,2638352.0,2.21,2.256,98.48667,"August 22, 22",0.02256
2022-08-19,100.095,100.27,96.33,96.33,96.33,3702587.0,3702587.0,-3.765,-3.761,97.64333,"August 19, 22",-0.03761
2022-08-18,99.0,102.29,99.0,102.25,102.25,2559813.0,2559813.0,3.25,3.283,101.18,"August 18, 22",0.03283
2022-08-17,97.37,98.915,96.23,98.33,98.33,2159632.0,2159632.0,0.96,0.986,97.825,"August 17, 22",0.00986
2022-08-16,95.05,97.6,93.89,97.0,97.0,3395753.0,3395753.0,1.95,2.052,96.16333,"August 16, 22",0.02052
2022-08-15,95.0599976,96.7200012,92.5,95.9000015,95.9000015,1990500.0,1990500.0,0.84,0.884,95.04,"August 15, 22",0.00884
2022-08-12,97.2200012,98.4100037,96.0699997,98.2099991,98.2099991,2534100.0,2534100.0,0.99,1.018,97.56333,"August 12, 22",0.01018
2022-08-11,96.5,97.3499985,94.3199997,97.3099976,97.3099976,5400900.0,5400900.0,0.81,0.839,96.32667,"August 11, 22",0.00839
2022-08-10,94.4000015,94.6500015,91.5299988,94.0,94.0,1572400.0,1572400.0,-0.4,-0.424,93.39333,"August 10, 22",-0.00424
2022-08-09,94.5,96.8499985,94.1900024,94.6299973,94.6299973,2863100.0,2863100.0,0.13,0.138,95.22333,"August 09, 22",0.00138
2022-08-08,91.8600006,94.0400009,91.7080002,92.8099976,92.8099976,1501500.0,1501500.0,0.95,1.034,92.85267,"August 08, 22",0.01034
2022-08-05,87.1699982,92.5800018,86.5,92.0,92.0,1694800.0,1694800.0,4.83,5.541,90.36,"August 05, 22",0.05541
2022-08-04,90.7099991,91.7399979,87.5699997,88.0199966,88.0199966,3536600.0,3536600.0,-2.69,-2.965,89.11,"August 04, 22",-0.02965
2022-08-03,92.6699982,95.3649979,87.8099976,91.5299988,91.5299988,4381400.0,4381400.0,-1.14,-1.23,91.56833,"August 03, 22",-0.0123
2022-08-02,90.3300018,91.2099991,88.6299973,90.25,90.25,1824500.0,1824500.0,-0.08,-0.089,90.03,"August 02, 22",-8.9E-4
2022-08-01,92.1900024,92.1900024,88.4199982,90.4199982,90.4199982,1701100.0,1701100.0,-1.77,-1.92,90.34333,"August 01, 22",-0.0192
2022-07-29,93.53,94.7887,93.1,94.17,91.8919,1328983.0,1328983.0,-1.6381,-1.751,93.2602,"July 29, 22",-0.01751
2022-07-28,93.3199997,93.8899994,90.2399979,92.8899994,92.8899994,1401600.0,1401600.0,-0.43,-0.461,92.34,"July 28, 22",-0.00461
2022-07-27,92.0500031,93.0,90.5,92.3899994,92.3899994,1868900.0,1868900.0,0.34,0.369,91.96333,"July 27, 22",0.00369
2022-07-26,94.3799973,94.5500031,92.1299973,92.1900024,92.1900024,1625300.0,1625300.0,-2.18999,-2.32,92.95667,"July 26, 22",-0.0232
2022-07-25,90.9400024,93.2099991,89.9400024,92.3099976,92.3099976,1595000.0,1595000.0,1.37,1.506,91.82,"July 25, 22",0.01506
2022-07-22,90.8600006,92.5199966,89.6399994,89.75,89.75,991700.0,991700.0,-1.11,-1.222,90.63667,"July 22, 22",-0.01222
2022-07-21,88.0,91.1500015,87.8300018,91.0599976,91.0599976,2198200.0,2198200.0,3.06,3.477,90.01333,"July 21, 22",0.03477
2022-07-20,87.5,92.0,86.8899994,91.8600006,91.8600006,2953800.0,2953800.0,4.36,4.983,90.25,"July 20, 22",0.04983
2022-07-19,86.2300034,88.6800003,85.8199997,88.6299973,88.6299973,1690300.0,1690300.0,2.39999,2.783,87.71,"July 19, 22",0.02783
2022-07-18,85.8899994,87.9899979,85.5199966,86.7200012,86.7200012,1695600.0,1695600.0,0.83,0.966,86.74333,"July 18, 22",0.00966
2022-07-15,81.3199997,83.2099991,78.8000031,83.1800003,83.1800003,1538600.0,1538600.0,1.86,2.287,81.73,"July 15, 22",0.02287
2022-07-14,79.2900009,80.4459991,75.2249985,79.0,79.0,2460500.0,2460500.0,-0.29,-0.366,78.22367,"July 14, 22",-0.00366
2022-07-13,78.1500015,84.3399963,78.1500015,82.5800018,82.5800018,1916300.0,1916300.0,4.43,5.669,81.69,"July 13, 22",0.05669
2022-07-12,76.6100006,79.3700027,76.5210037,78.6999969,78.6999969,1792600.0,1792600.0,2.09,2.728,78.197,"July 12, 22",0.02728
2022-07-11,78.6200027,80.6600037,77.8300018,79.2200012,79.2200012,1205600.0,1205600.0,0.6,0.763,79.23667,"July 11, 22",0.00763
2022-07-08,79.2799988,80.2649994,77.75,78.4499969,78.4499969,1166100.0,1166100.0,-0.83,-1.047,78.82167,"July 08, 22",-0.01047
2022-07-07,76.8099976,79.2549973,76.5800018,78.5,78.5,2027700.0,2027700.0,1.69,2.2,78.11167,"July 07, 22",0.022
2022-07-06,76.4599991,77.7099991,72.5,74.3399963,74.3399963,3079000.0,3079000.0,-2.12,-2.773,74.85,"July 06, 22",-0.02773
2022-07-05,80.0699997,80.5800018,75.0199966,76.7099991,76.7099991,2875400.0,2875400.0,-3.36,-4.196,77.43667,"July 05, 22",-0.04196
2022-07-01,81.6900024,83.4000015,79.9749985,82.9000015,82.9000015,1197300.0,1197300.0,1.21,1.481,82.09167,"July 01, 22",0.01481
2022-06-30,85.0,87.7200012,80.2300034,81.0999985,81.0999985,2436000.0,2436000.0,-3.9,-4.588,83.01667,"June 30, 22",-0.04588
2022-06-29,90.1600037,90.6740036,86.6399994,87.0100021,87.0100021,1914700.0,1914700.0,-3.15,-3.494,88.108,"June 29, 22",-0.03494
2022-06-28,88.8249969,90.1600037,87.3199997,88.6399994,88.6399994,2818800.0,2818800.0,-0.185,-0.208,88.70667,"June 28, 22",-0.00208
2022-06-27,84.2699966,86.3199997,82.6600037,85.1999969,85.1999969,3779400.0,3779400.0,0.93,1.104,84.72667,"June 27, 22",0.01104
2022-06-24,77.1900024,83.9199982,76.0100021,83.8000031,83.8000031,1.5767E7,1.5767E7,6.61,8.563,81.24333,"June 24, 22",0.08563
2022-06-23,83.5599976,83.75,75.0199966,76.3399963,76.3399963,4052000.0,4052000.0,-7.22,-8.64,78.37,"June 23, 22",-0.0864
2022-06-22,80.2200012,85.5,79.1600037,82.7900009,82.7900009,2686100.0,2686100.0,2.57,3.204,82.48333,"June 22, 22",0.03204
2022-06-21,82.8000031,85.0899963,82.3349991,83.5500031,83.5500031,2634200.0,2634200.0,0.75,0.906,83.65833,"June 21, 22",0.00906
2022-06-17,83.2300034,84.4000015,78.0,80.2799988,80.2799988,4944300.0,4944300.0,-2.95,-3.544,80.89333,"June 17, 22",-0.03544
2022-06-16,86.1600037,87.8539963,83.6399994,84.3499985,84.3499985,2482500.0,2482500.0,-1.81001,-2.101,85.28133,"June 16, 22",-0.02101
2022-06-15,87.9899979,91.0500031,86.4300003,88.25,88.25,2267000.0,2267000.0,0.26,0.295,88.57667,"June 15, 22",0.00295
2022-06-14,95.7399979,96.4499969,86.7900009,87.6500015,87.6500015,3469200.0,3469200.0,-8.09,-8.45,90.29667,"June 14, 22",-0.0845
2022-06-13,95.0100021,96.1269989,91.4199982,93.3700027,93.3700027,1965700.0,1965700.0,-1.64,-1.726,93.639,"June 13, 22",-0.01726
2022-06-10,96.7300034,98.7300034,95.026001,98.1699982,98.1699982,1416300.0,1416300.0,1.43999,1.489,97.30867,"June 10, 22",0.01489
2022-06-09,97.7699966,99.7600021,95.0199966,97.9800034,97.9800034,1700900.0,1700900.0,0.21001,0.215,97.58667,"June 09, 22",0.00215
2022-06-08,102.9800034,103.9499969,97.8899994,99.5400009,99.5400009,1868300.0,1868300.0,-3.44,-3.34,100.46,"June 08, 22",-0.0334
2022-06-07,98.7799988,103.3000031,98.5699997,102.5599976,102.5599976,2088500.0,2088500.0,3.78,3.827,101.47667,"June 07, 22",0.03827
2022-06-06,99.3499985,100.0999985,98.5100021,99.75,99.75,1561500.0,1561500.0,0.4,0.403,99.45333,"June 06, 22",0.00403
2022-06-03,98.2200012,98.9499969,96.7699966,98.7900009,98.7900009,1229700.0,1229700.0,0.57,0.58,98.17,"June 03, 22",0.0058
2022-06-02,99.7099991,100.5,96.5500031,98.0400009,98.0400009,1598100.0,1598100.0,-1.67,-1.675,98.36333,"June 02, 22",-0.01675
2022-06-01,98.9300003,100.7399979,96.7200012,100.0,100.0,1949600.0,1949600.0,1.07,1.082,99.15333,"June 01, 22",0.01082
2022-05-31,104.5699997,105.0,95.2900009,97.3799973,97.3799973,2659600.0,2659600.0,-7.19,-6.876,99.22333,"May 31, 22",-0.06876
2022-05-27,99.6999969,103.9199982,98.7200012,103.1500015,103.1500015,1485200.0,1485200.0,3.45,3.46,101.93,"May 27, 22",0.0346
2022-05-26,99.7300034,101.0950012,98.8899994,100.1999969,100.1999969,2140700.0,2140700.0,0.46999,0.471,100.06167,"May 26, 22",0.00471
2022-05-25,99.0,102.1999969,98.3199997,99.25,99.25,2695200.0,2695200.0,0.25,0.253,99.92333,"May 25, 22",0.00253
2022-05-24,94.8899994,98.3700027,94.3000031,97.8700027,97.8700027,2272300.0,2272300.0,2.98,3.14,96.84667,"May 24, 22",0.0314
2022-05-23,92.0299988,96.2200012,90.2900009,95.8700027,95.8700027,2232400.0,2232400.0,3.84,4.173,94.12667,"May 23, 22",0.04173
2022-05-20,87.8600006,91.7600021,87.4199982,91.1299973,91.1299973,2546500.0,2546500.0,3.27,3.722,90.10333,"May 20, 22",0.03722
2022-05-19,84.9300003,88.9280014,84.9300003,87.1200027,87.1200027,1749600.0,1749600.0,2.19,2.579,86.99267,"May 19, 22",0.02579
2022-05-18,87.7099991,88.4300003,85.5299988,86.6299973,86.6299973,1851000.0,1851000.0,-1.08,-1.231,86.86333,"May 18, 22",-0.01231
2022-05-17,90.1600037,90.5699997,88.1299973,90.4800034,88.1399994,1886100.0,1886100.0,-2.02,-2.24,88.94667,"May 17, 22",-0.0224
2022-05-16,87.1549988,90.0299988,87.0500031,89.0299988,86.7274933,2027200.0,2027200.0,-0.42751,-0.491,87.93583,"May 16, 22",-0.00491
2022-05-13,85.3600006,88.3899994,84.1900024,85.8899994,83.6687012,2076500.0,2076500.0,-1.6913,-1.981,85.41623,"May 13, 22",-0.01981
2022-05-12,85.7799988,85.7799988,82.1600037,84.4899979,82.3049088,1997300.0,1997300.0,-3.47509,-4.051,83.41497,"May 12, 22",-0.04051
2022-05-11,85.7699966,89.4499969,84.6699982,86.2300034,83.9999161,1666000.0,1666000.0,-1.77008,-2.064,86.03997,"May 11, 22",-0.02064
2022-05-10,84.6999969,88.9349976,82.0699997,83.8000031,81.6327591,2249000.0,2249000.0,-3.06724,-3.621,84.21259,"May 10, 22",-0.03621
2022-05-09,90.5999985,91.5250015,83.5999985,84.6999969,82.5094757,3188000.0,3188000.0,-8.09052,-8.93,85.87816,"May 09, 22",-0.0893
2022-05-06,97.0999985,97.4899979,91.5,93.1500015,90.7409439,2778000.0,2778000.0,-6.35905,-6.549,93.24365,"May 06, 22",-0.06549
2022-05-05,92.9899979,95.9499969,89.8399963,95.5699997,93.0983582,3094500.0,3094500.0,0.10836,0.117,92.96278,"May 05, 22",0.00117
2022-05-04,91.1399994,96.5,89.1119995,94.9800034,92.5236206,4876300.0,4876300.0,1.38362,1.518,92.71187,"May 04, 22",0.01518
2022-05-03,83.3099976,89.5800018,83.0199966,88.5899963,86.2988739,2456500.0,2456500.0,2.98888,3.588,86.29962,"May 03, 22",0.03588
2022-05-02,81.0,83.4700012,80.4400024,82.7600021,80.6196518,1525300.0,1525300.0,-0.38035,-0.47,81.50989,"May 02, 22",-0.0047
2022-04-29,84.8199997,85.3479996,81.5999985,82.0199966,79.8987885,1197300.0,1197300.0,-4.92121,-5.802,82.28226,"April 29, 22",-0.05802
2022-04-28,84.1800003,85.6200027,81.6900024,84.4599991,82.2756882,1357700.0,1357700.0,-1.90431,-2.262,83.19523,"April 28, 22",-0.02262
2022-04-27,84.3600006,84.7300034,81.6800003,84.0,81.8275833,1254500.0,1254500.0,-2.53242,-3.002,82.74586,"April 27, 22",-0.03002
2022-04-26,84.0299988,85.9199982,82.6650009,83.0999985,80.9508591,1983500.0,1983500.0,-3.07914,-3.664,83.17862,"April 26, 22",-0.03664
2022-04-25,84.1399994,85.2399979,81.2200012,84.0899963,81.9152527,2423500.0,2423500.0,-2.22475,-2.644,82.79175,"April 25, 22",-0.02644
2022-04-22,90.6900024,91.4100037,85.3399963,86.5299988,84.2921524,1602700.0,1602700.0,-6.39785,-7.055,87.01405,"April 22, 22",-0.07055
2022-04-21,92.8899994,93.1999969,89.3600006,91.1399994,88.7829285,1921800.0,1921800.0,-4.10707,-4.421,90.44764,"April 21, 22",-0.04421
2022-04-20,92.1500015,93.1600037,91.4000015,92.8799973,90.4779282,1254100.0,1254100.0,-1.67207,-1.815,91.67931,"April 20, 22",-0.01815
2022-04-19,93.7600021,94.1900024,90.4899979,91.6500015,89.2797394,1951900.0,1951900.0,-4.48026,-4.778,91.31991,"April 19, 22",-0.04778
2022-04-18,95.3700027,97.6100006,94.6100006,94.9199982,92.4651642,2068800.0,2068800.0,-2.90484,-3.046,94.89506,"April 18, 22",-0.03046
2022-04-14,93.8300018,95.2799988,92.7799988,94.3600006,91.9196548,1393200.0,1393200.0,-1.91035,-2.036,93.32655,"April 14, 22",-0.02036
2022-04-13,92.3499985,94.0999985,92.0,93.5999985,91.179306,1234300.0,1234300.0,-1.17069,-1.268,92.42643,"April 13, 22",-0.01268
2022-04-12,93.0699997,94.3399963,91.0199966,91.1999969,88.8413773,1473800.0,1473800.0,-4.22862,-4.543,91.40046,"April 12, 22",-0.04543
2022-04-11,92.0100021,92.7450027,90.5849991,91.5999985,89.2310333,1362400.0,1362400.0,-2.77897,-3.02,90.85368,"April 11, 22",-0.0302
2022-04-08,91.1299973,92.9000015,90.8199997,92.1699982,89.7862854,1885900.0,1885900.0,-1.34371,-1.474,91.16876,"April 08, 22",-0.01474
2022-04-07,91.6500015,92.7300034,87.3499985,90.6100006,88.2666397,1615500.0,1615500.0,-3.38336,-3.692,89.44888,"April 07, 22",-0.03692
2022-04-06,88.8000031,91.7600021,87.5800018,90.0299988,87.7016373,2253100.0,2253100.0,-1.09837,-1.237,89.01388,"April 06, 22",-0.01237
2022-04-05,90.25,91.2099991,88.3000031,88.6699982,86.3768082,1307100.0,1307100.0,-3.87319,-4.292,88.62894,"April 05, 22",-0.04292
2022-04-04,91.7699966,91.8000031,87.4199982,88.9800034,86.6787949,1344300.0,1344300.0,-5.0912,-5.548,88.63293,"April 04, 22",-0.05548
2022-04-01,88.0699997,90.7590027,87.8199997,90.0,87.6724091,1792600.0,1792600.0,-0.39759,-0.451,88.75047,"April 01, 22",-0.00451
2022-03-31,87.9300003,90.7249985,86.6999969,87.0,84.75,1799800.0,1799800.0,-3.18,-3.617,87.39167,"March 31, 22",-0.03617
2022-03-30,88.0599976,90.2099991,87.4800034,88.1100006,85.8312912,1929100.0,1929100.0,-2.22871,-2.531,87.84043,"March 30, 22",-0.02531
2022-03-29,84.4400024,87.0100021,83.1800003,86.8099976,84.5649109,1491200.0,1491200.0,0.12491,0.148,84.9183,"March 29, 22",0.00148
2022-03-28,87.1900024,90.1200027,86.7699966,87.9499969,85.6754227,1677600.0,1677600.0,-1.51458,-1.737,87.52181,"March 28, 22",-0.01737
2022-03-25,86.0699997,90.5800018,85.8600006,89.3199997,87.0099945,3058000.0,3058000.0,0.93999,1.092,87.81667,"March 25, 22",0.01092
2022-03-24,84.5199966,87.2799988,84.0,87.0,84.75,2358800.0,2358800.0,0.23,0.272,85.34333,"March 24, 22",0.00272
2022-03-23,81.2799988,84.9800034,80.5599976,84.0599976,81.8860321,1761700.0,1761700.0,0.60603,0.746,82.47534,"March 23, 22",0.00746
2022-03-22,81.0599976,81.2600021,78.3000031,80.5100021,78.4278412,1376900.0,1376900.0,-2.63216,-3.247,79.32928,"March 22, 22",-0.03247
2022-03-21,80.4000015,81.9199982,79.1999969,81.0599976,78.9636154,1761900.0,1761900.0,-1.43639,-1.787,80.02787,"March 21, 22",-0.01787
2022-03-18,78.2099991,79.0,77.5100021,78.5100021,76.4795685,2931900.0,2931900.0,-1.73043,-2.213,77.66319,"March 18, 22",-0.02213
2022-03-17,79.1800003,79.5899963,78.0699997,79.0100021,76.9666367,2217200.0,2217200.0,-2.21336,-2.795,78.20888,"March 17, 22",-0.02795
2022-03-16,75.7900009,77.75,75.7300034,77.0100021,75.018364,1844800.0,1844800.0,-0.77164,-1.018,76.16612,"March 16, 22",-0.01018
2022-03-15,73.5,76.3399963,73.2600021,75.4599991,73.5084457,1645200.0,1645200.0,0.00845,0.011,74.36948,"March 15, 22",1.1E-4
2022-03-14,79.0199966,79.0500031,74.7799988,76.2600021,74.2877579,1662000.0,1662000.0,-4.73224,-5.989,76.03925,"March 14, 22",-0.05989
2022-03-11,80.0100021,82.3300018,79.0970001,80.5500031,78.4668121,1318900.0,1318900.0,-1.54319,-1.929,79.9646,"March 11, 22",-0.01929
2022-03-10,81.3399963,81.8700027,80.4100037,80.8600006,78.7687912,1530100.0,1530100.0,-2.57121,-3.161,80.3496,"March 10, 22",-0.03161
2022-03-09,79.3899994,82.4599991,78.1299973,80.8799973,78.788269,2079300.0,2079300.0,-0.60173,-0.758,79.79276,"March 09, 22",-0.00758
2022-03-08,87.0,87.9000015,82.1699982,82.4599991,80.3274078,2891200.0,2891200.0,-6.67259,-7.67,83.4658,"March 08, 22",-0.0767
2022-03-07,85.8099976,88.75,83.1800003,85.8899994,83.6687012,3075400.0,3075400.0,-2.1413,-2.495,85.19957,"March 07, 22",-0.02495
2022-03-04,78.3300018,85.2099991,78.3300018,85.0,82.8017197,3064300.0,3064300.0,4.47172,5.709,82.11391,"March 04, 22",0.05709
2022-03-03,78.6999969,80.6900024,78.0699997,80.2799988,76.481514,1558300.0,1558300.0,-2.21848,-2.819,78.41384,"March 03, 22",-0.02819
2022-03-02,80.0,80.4599991,78.1110001,79.3700027,75.6145782,1697600.0,1697600.0,-4.38542,-5.482,78.06186,"March 02, 22",-0.05482
2022-03-01,77.5400009,79.3499985,76.6999969,79.2699966,75.5193024,1620200.0,1620200.0,-2.0207,-2.606,77.18977,"March 01, 22",-0.02606
2022-02-28,75.0500031,77.5899963,74.5699997,77.25,73.5948792,2084100.0,2084100.0,-1.45512,-1.939,75.25163,"February 28, 22",-0.01939
2022-02-25,71.3899994,75.8600006,71.3499985,75.0800018,71.5275574,2879600.0,2879600.0,0.13756,0.193,72.91252,"February 25, 22",0.00193
2022-02-24,70.9599991,73.5800018,66.5,70.9100037,67.554863,3957300.0,3957300.0,-3.40514,-4.799,69.21162,"February 24, 22",-0.04799
2022-02-23,67.1500015,69.7099991,66.9599991,68.5,65.2588959,2900500.0,2900500.0,-1.89111,-2.816,67.30963,"February 23, 22",-0.02816
2022-02-22,67.4469986,67.7900009,64.8099976,66.3499985,63.2106209,1994900.0,1994900.0,-4.23638,-6.281,65.27021,"February 22, 22",-0.06281
2022-02-18,66.2799988,67.2799988,65.7300034,65.7799988,62.6675873,1050500.0,1050500.0,-3.61241,-5.45,65.22586,"February 18, 22",-0.0545
2022-02-17,66.4899979,68.3600006,65.9800034,66.8199997,63.6583824,784700.0,784700.0,-2.83162,-4.259,65.99946,"February 17, 22",-0.04259
2022-02-16,68.5999985,69.6399994,65.9250031,66.5699997,63.420208,1064300.0,1064300.0,-5.17979,-7.551,66.3284,"February 16, 22",-0.07551
2022-02-15,66.6100006,68.6500015,66.2699966,68.2699966,65.039772,831600.0,831600.0,-1.57023,-2.357,66.65326,"February 15, 22",-0.02357
2022-02-14,69.1299973,69.9800034,67.1399994,67.7699966,64.5634232,738900.0,738900.0,-4.56657,-6.606,67.22781,"February 14, 22",-0.06606
2022-02-11,67.3300018,69.5999985,66.7600021,69.1500015,65.8781433,1813800.0,1813800.0,-1.45186,-2.156,67.41271,"February 11, 22",-0.02156
2022-02-10,65.0100021,67.1399994,65.0100021,65.6200027,62.5151634,1403700.0,1403700.0,-2.49484,-3.838,64.88839,"February 10, 22",-0.03838
2022-02-09,65.5199966,66.1900024,64.9499969,65.6800003,62.5723228,1519900.0,1519900.0,-2.94767,-4.499,64.57077,"February 09, 22",-0.04499
2022-02-08,66.5,67.1500015,64.5100021,65.7200012,62.6104355,1751500.0,1751500.0,-3.88956,-5.849,64.75681,"February 08, 22",-0.05849
2022-02-07,66.2099991,67.5250015,65.8600006,66.7900009,63.6297989,1411200.0,1411200.0,-2.5802,-3.897,65.6716,"February 07, 22",-0.03897
2022-02-04,68.0,69.1100006,66.6900024,66.9800034,63.8108101,1200900.0,1200900.0,-4.18919,-6.161,66.53694,"February 04, 22",-0.06161
2022-02-03,68.5899963,69.2900009,67.0899963,67.6900024,64.4872208,1319900.0,1319900.0,-4.10278,-5.982,66.95574,"February 03, 22",-0.05982
2022-02-02,70.0,71.2799988,67.8799973,69.5,66.2115784,2622100.0,2622100.0,-3.78842,-5.412,68.45719,"February 02, 22",-0.05412
2022-02-01,67.6600037,69.25,67.4369965,68.4700012,65.2303162,1747100.0,1747100.0,-2.42969,-3.591,67.30577,"February 01, 22",-0.03591
2022-01-31,68.2300034,69.0400009,67.4300003,68.1699982,64.9445114,1025000.0,1025000.0,-3.28549,-4.815,67.13817,"January 31, 22",-0.04815
2022-01-28,69.0899963,70.3099976,67.6500015,68.3899994,65.1540985,1823000.0,1823000.0,-3.9359,-5.697,67.7047,"January 28, 22",-0.05697
2022-01-27,70.3499985,70.6999969,66.8799973,69.1200027,65.849556,1875000.0,1875000.0,-4.50044,-6.397,67.80985,"January 27, 22",-0.06397
2022-01-26,68.8399963,70.5699997,67.1999969,68.4300003,65.1921997,1722800.0,1722800.0,-3.6478,-5.299,67.65407,"January 26, 22",-0.05299
2022-01-25,64.1500015,67.9499969,63.3100014,67.1299973,63.9537125,2560500.0,2560500.0,-0.19629,-0.306,65.07124,"January 25, 22",-0.00306
2022-01-24,61.5400009,63.8300018,61.4500008,63.7599983,60.7431641,1705700.0,1705700.0,-0.79684,-1.295,62.00772,"January 24, 22",-0.01295
2022-01-21,63.9399986,64.5800018,62.3199997,63.0400009,60.0572357,1823900.0,1823900.0,-3.88276,-6.073,62.31908,"January 21, 22",-0.06073
2022-01-20,66.7900009,68.2900009,64.6200027,64.7900009,61.7244339,2253500.0,2253500.0,-5.06557,-7.584,64.87815,"January 20, 22",-0.07584
2022-01-19,69.6699982,70.6500015,66.9300003,67.5299988,64.3347855,1515600.0,1515600.0,-5.33521,-7.658,67.30493,"January 19, 22",-0.07658
2022-01-18,73.0,73.1900024,68.7699966,69.4700012,66.1829987,1464200.0,1464200.0,-6.817,-9.338,69.381,"January 18, 22",-0.09338
2022-01-14,70.4700012,71.6699982,69.6750031,71.5199966,68.1360016,1534500.0,1534500.0,-2.334,-3.312,69.827,"January 14, 22",-0.03312
2022-01-13,73.3300018,73.4100037,69.8899994,70.0999985,66.7831879,1035900.0,1035900.0,-6.54681,-8.928,70.02773,"January 13, 22",-0.08928
2022-01-12,70.8799973,73.6600037,69.5299988,73.1100006,69.6507721,1820900.0,1820900.0,-1.22923,-1.734,70.94692,"January 12, 22",-0.01734
2022-01-11,70.3099976,70.8899994,68.3199997,69.8899994,66.5831223,1894200.0,1894200.0,-3.72688,-5.301,68.59771,"January 11, 22",-0.05301
2022-01-10,68.9899979,71.3600006,68.5100021,70.1999969,66.8784485,2126500.0,2126500.0,-2.11155,-3.061,68.91615,"January 10, 22",-0.03061
2022-01-07,67.2799988,69.6900024,66.7200012,69.3000031,66.0210419,1212900.0,1212900.0,-1.25896,-1.871,67.47702,"January 07, 22",-0.01871
2022-01-06,65.9899979,67.4100037,65.1999969,66.7399979,63.5821648,1401100.0,1401100.0,-2.40783,-3.649,65.39739,"January 06, 22",-0.03649
2022-01-05,68.7799988,69.5,65.1399994,65.1900024,62.1055069,1535700.0,1535700.0,-6.67449,-9.704,65.58184,"January 05, 22",-0.09704
2022-01-04,66.9000015,68.8000031,66.4000015,66.7799988,63.6202698,1151600.0,1151600.0,-3.27973,-4.902,66.27342,"January 04, 22",-0.04902
2022-01-03,64.9000015,66.6999969,64.7300034,66.5500031,63.4011612,849000.0,849000.0,-1.49884,-2.309,64.94372,"January 03, 22",-0.02309
2021-12-31,64.3000031,64.8300018,63.6699982,64.5199966,61.467205,454900.0,454900.0,-2.8328,-4.406,63.3224,"December 31, 21",-0.04406
2021-12-30,65.4000015,66.1500015,64.1600037,64.3499985,61.3052483,571400.0,571400.0,-4.09475,-6.261,63.87175,"December 30, 21",-0.06261
2021-12-29,65.8099976,66.0500031,65.1500015,65.5699997,62.4675255,646100.0,646100.0,-3.34247,-5.079,64.55584,"December 29, 21",-0.05079
2021-12-28,66.0,66.2639999,65.3000031,65.9599991,62.8390732,641700.0,641700.0,-3.16093,-4.789,64.80103,"December 28, 21",-0.04789
2021-12-27,63.1300011,65.8550034,62.1300011,65.8499985,62.7342758,771200.0,771200.0,-0.39573,-0.627,63.57309,"December 27, 21",-0.00627
2021-12-23,62.6500015,63.9399986,62.5,63.1800003,60.190609,959400.0,959400.0,-2.45939,-3.926,62.2102,"December 23, 21",-0.03926
2021-12-22,61.5200005,63.3800011,61.4500008,62.4099998,59.4570465,626500.0,626500.0,-2.06295,-3.353,61.42902,"December 22, 21",-0.03353
2021-12-21,60.7599983,62.6500015,60.2200012,61.6300011,58.7139511,874800.0,874800.0,-2.04605,-3.367,60.52798,"December 21, 21",-0.03367
2021-12-20,59.6399994,60.8250008,58.8300018,60.0999985,57.25634,1128100.0,1128100.0,-2.38366,-3.997,58.97045,"December 20, 21",-0.03997
2021-12-17,61.2900009,62.2400017,60.0600014,60.7599983,57.8851128,1048000.0,1048000.0,-3.40489,-5.555,60.06171,"December 17, 21",-0.05555
2021-12-16,63.1279984,63.1279984,61.2400017,61.3600006,58.4567261,957800.0,957800.0,-4.67127,-7.4,60.94158,"December 16, 21",-0.074
2021-12-15,61.4000015,61.6599998,60.1500015,60.9399986,58.0565987,998800.0,998800.0,-3.3434,-5.445,59.95553,"December 15, 21",-0.05445
2021-12-14,61.3400002,63.2299995,60.7700005,61.7299995,58.8092194,1491200.0,1491200.0,-2.53078,-4.126,60.93641,"December 14, 21",-0.04126
2021-12-13,62.8499985,63.7999992,61.8199997,61.9099998,58.9806976,1074700.0,1074700.0,-3.8693,-6.156,61.53357,"December 13, 21",-0.06156
2021-12-10,64.0199966,64.1999969,62.7099991,63.7999992,60.7812729,669700.0,669700.0,-3.23872,-5.059,62.56376,"December 10, 21",-0.05059
2021-12-09,63.4599991,64.0,62.8899994,63.3199997,60.3239861,799100.0,799100.0,-3.13601,-4.942,62.40466,"December 09, 21",-0.04942
2021-12-08,63.4300003,64.7900009,62.6899986,64.4599991,61.4100456,601900.0,601900.0,-2.01995,-3.185,62.96335,"December 08, 21",-0.03185
2021-12-07,60.0600014,63.4500008,60.0530014,63.1800003,60.190609,1039000.0,1039000.0,0.13061,0.217,61.2312,"December 07, 21",0.00217
2021-12-06,61.4399986,61.4399986,58.1850014,59.7900009,56.96101,1390800.0,1390800.0,-4.47899,-7.29,58.862,"December 06, 21",-0.0729
2021-12-03,61.2400017,62.1699982,59.6199989,60.3300018,57.4754601,961200.0,961200.0,-3.76454,-6.147,59.75515,"December 03, 21",-0.06147
2021-12-02,58.5999985,60.9700012,57.8400002,60.8800011,57.9994354,1691700.0,1691700.0,-0.60056,-1.025,58.93648,"December 02, 21",-0.01025
2021-12-01,61.4199982,61.5499992,56.75,57.0,54.3030205,1615000.0,1615000.0,-7.11698,-11.587,57.53434,"December 01, 21",-0.11587
2021-11-30,60.3699989,60.7400017,58.9300003,59.5400009,56.7228394,2053500.0,2053500.0,-3.64716,-6.041,58.79761,"November 30, 21",-0.06041
2021-11-29,64.3499985,64.7799988,61.1899986,61.3699989,58.4662476,1557600.0,1557600.0,-5.88375,-9.143,61.47875,"November 29, 21",-0.09143
2021-11-26,63.1800003,64.75,61.25,63.9199982,60.8955956,1178700.0,1178700.0,-2.2844,-3.616,62.29853,"November 26, 21",-0.03616
2021-11-24,63.2799988,64.7699966,63.2799988,64.6800003,61.6196365,639100.0,639100.0,-1.66036,-2.624,63.22321,"November 24, 21",-0.02624
2021-11-23,61.2400017,64.2300034,61.1399994,63.9399986,60.91465,1249600.0,1249600.0,-0.32535,-0.531,62.09488,"November 23, 21",-0.00531
2021-11-22,61.7400017,62.5699997,61.1500015,61.2200012,57.9060745,724100.0,724100.0,-3.83393,-6.21,60.54203,"November 22, 21",-0.0621
2021-11-19,62.6800003,63.2200012,61.0299988,61.7400017,58.3979301,1328200.0,1328200.0,-4.28207,-6.832,60.88264,"November 19, 21",-0.06832
2021-11-18,63.5299988,64.4700012,63.0999985,64.2300034,60.7531395,1033500.0,1033500.0,-2.77686,-4.371,62.77438,"November 18, 21",-0.04371
2021-11-17,62.4799995,64.2799988,62.0999985,63.75,60.2991219,1145900.0,1145900.0,-2.18088,-3.491,62.22637,"November 17, 21",-0.03491
2021-11-16,62.6500015,63.0099983,61.9900017,62.2900009,58.9181519,1413200.0,1413200.0,-3.73185,-5.957,61.30605,"November 16, 21",-0.05957
2021-11-15,63.6599998,63.8300018,61.4099998,62.4099998,59.0316582,1562200.0,1562200.0,-4.62834,-7.27,61.42389,"November 15, 21",-0.0727
2021-11-12,63.8699989,64.5080032,62.7599983,62.9199982,59.5140495,755400.0,755400.0,-4.35595,-6.82,62.26068,"November 12, 21",-0.0682
2021-11-11,63.4000015,65.1500015,63.0999985,64.4400024,60.9517746,836500.0,836500.0,-2.44823,-3.862,63.06726,"November 11, 21",-0.03862
2021-11-10,66.9000015,66.9899979,62.7599983,63.0999985,59.6843033,1423900.0,1423900.0,-7.2157,-10.786,63.14477,"November 10, 21",-0.10786
2021-11-09,65.9000015,67.9400024,65.5400009,67.3700027,63.7231636,2139500.0,2139500.0,-2.17684,-3.303,65.73439,"November 09, 21",-0.03303
2021-11-08,66.3499985,66.4400024,65.3399963,66.2200012,62.6354218,1106200.0,1106200.0,-3.71458,-5.598,64.80514,"November 08, 21",-0.05598
2021-11-05,66.1500015,66.6500015,65.2750015,65.8199997,62.2570686,1104700.0,1104700.0,-3.89293,-5.885,64.72736,"November 05, 21",-0.05885
2021-11-04,68.2799988,68.9899979,65.5299988,65.5999985,62.0489769,1459700.0,1459700.0,-6.23102,-9.126,65.52299,"November 04, 21",-0.09126
2021-11-03,66.5100021,69.3799973,64.8499985,67.5500031,63.8934174,2756400.0,2756400.0,-2.61658,-3.934,66.04114,"November 03, 21",-0.03934
2021-11-02,65.2099991,65.7200012,64.6500015,65.3700027,61.8314323,1361100.0,1361100.0,-3.37857,-5.181,64.06715,"November 02, 21",-0.05181
2021-11-01,64.25,66.1750031,64.25,65.7900009,62.2286949,1744600.0,1744600.0,-2.02131,-3.146,64.2179,"November 01, 21",-0.03146
2021-10-29,66.6999969,66.6999969,62.7200012,63.7400017,60.2896614,1510700.0,1510700.0,-6.41034,-9.611,63.23655,"October 29, 21",-0.09611
2021-10-28,66.0999985,67.6999969,65.3899994,66.2799988,62.6921654,1169600.0,1169600.0,-3.40783,-5.156,65.26072,"October 28, 21",-0.05156
2021-10-27,67.5999985,68.4400024,66.1399994,66.2099991,62.6259537,1228300.0,1228300.0,-4.97404,-7.358,65.73532,"October 27, 21",-0.07358
2021-10-26,67.9700012,69.4000015,67.1500015,67.5800018,63.9217987,1438200.0,1438200.0,-4.0482,-5.956,66.82393,"October 26, 21",-0.05956
2021-10-25,64.4100037,68.3700027,63.7400017,67.75,64.0825958,2842900.0,2842900.0,-0.32741,-0.508,65.39753,"October 25, 21",-0.00508
2021-10-22,61.4900017,62.2200012,60.8499985,62.0699997,58.7100601,617200.0,617200.0,-2.77994,-4.521,60.59335,"October 22, 21",-0.04521
2021-10-21,61.8199997,62.2200012,60.5,61.4300003,58.1047058,444800.0,444800.0,-3.71529,-6.01,60.2749,"October 21, 21",-0.0601
2021-10-20,61.4300003,62.6699982,60.8300018,62.3100014,58.9370728,937900.0,937900.0,-2.49293,-4.058,60.81236,"October 20, 21",-0.04058
2021-10-19,62.9599991,63.1500015,61.5200005,61.8199997,58.4735947,747700.0,747700.0,-4.4864,-7.126,61.04787,"October 19, 21",-0.07126
2021-10-18,62.7999992,63.8849983,62.4700012,63.1899986,59.7694321,854000.0,854000.0,-3.03057,-4.826,62.04148,"October 18, 21",-0.04826
2021-10-15,65.2399979,65.2399979,62.5400009,62.75,59.3532486,949700.0,949700.0,-5.88675,-9.023,62.37775,"October 15, 21",-0.09023
2021-10-14,63.0099983,64.1600037,62.4900017,64.0100021,60.5450478,1024500.0,1024500.0,-2.46495,-3.912,62.39835,"October 14, 21",-0.03912
2021-10-13,61.9000015,62.8199997,61.1300011,62.0499992,58.691143,1199600.0,1199600.0,-3.20886,-5.184,60.88038,"October 13, 21",-0.05184
2021-10-12,62.3899994,63.3300018,61.6399994,62.0999985,58.7384338,1053600.0,1053600.0,-3.65157,-5.853,61.23615,"October 12, 21",-0.05853
2021-10-11,67.1500015,67.4100037,62.7200012,62.7299995,59.3343353,1231000.0,1231000.0,-7.81567,-11.639,63.15478,"October 11, 21",-0.11639
2021-10-08,65.3799973,66.0879974,64.5299988,65.7799988,62.2192307,1000700.0,1000700.0,-3.16077,-4.834,64.27908,"October 08, 21",-0.04834
2021-10-07,64.0299988,65.4199982,63.3300018,64.75,61.2449875,1223300.0,1223300.0,-2.78501,-4.35,63.33166,"October 07, 21",-0.0435
2021-10-06,66.1699982,66.1900024,63.1699982,63.9700012,60.5072098,1171300.0,1171300.0,-5.66279,-8.558,63.28907,"October 06, 21",-0.08558
2021-10-05,65.7600021,67.0,64.5100021,66.9199982,63.2975235,2127000.0,2127000.0,-2.46248,-3.745,64.93584,"October 05, 21",-0.03745
2021-10-04,63.1100006,65.25,62.9300003,64.6399994,61.1409378,1710300.0,1710300.0,-1.96906,-3.12,63.10698,"October 04, 21",-0.0312
2021-10-01,62.2900009,62.7599983,61.4500008,62.0800018,58.7195206,1261100.0,1261100.0,-3.57048,-5.732,60.97651,"October 01, 21",-0.05732
2021-09-30,61.1500015,62.3499985,60.2900009,61.5900002,58.2560425,1773500.0,1773500.0,-2.89396,-4.733,60.29868,"September 30, 21",-0.04733
2021-09-29,61.75,62.1500015,60.6399994,60.8600006,57.5655594,1220400.0,1220400.0,-4.18444,-6.776,60.11852,"September 29, 21",-0.06776
2021-09-28,63.4199982,64.0,61.8300018,62.0999985,58.7384338,1424600.0,1424600.0,-4.68156,-7.382,61.52281,"September 28, 21",-0.07382
2021-09-27,60.0600014,62.6199989,60.0600014,62.4799995,59.0978699,1729300.0,1729300.0,-0.96213,-1.602,60.59262,"September 27, 21",-0.01602
2021-09-24,60.2299995,61.0499992,58.5400009,58.5900002,55.418438,1278600.0,1278600.0,-4.81156,-7.989,58.33615,"September 24, 21",-0.07989
2021-09-23,58.5999985,60.9199982,58.4900017,60.4700012,57.1966743,1226900.0,1226900.0,-1.40332,-2.395,58.86889,"September 23, 21",-0.02395
2021-09-22,59.2000008,59.5900002,58.2799988,58.5600014,55.3900642,1074600.0,1074600.0,-3.80994,-6.436,57.75335,"September 22, 21",-0.06436
2021-09-21,60.0099983,60.1599998,58.0299988,58.2599983,55.1063004,1069100.0,1069100.0,-4.9037,-8.171,57.76543,"September 21, 21",-0.08171
2021-09-20,59.6699982,61.5,58.7599983,59.7200012,56.4872704,1288800.0,1288800.0,-3.18273,-5.334,58.91576,"September 20, 21",-0.05334
2021-09-17,61.3600006,62.0499992,60.1399994,61.0699997,57.7641907,7431800.0,7431800.0,-3.59581,-5.86,59.98473,"September 17, 21",-0.0586
2021-09-16,62.5999985,63.112999,61.0200005,61.1899986,57.877697,1432300.0,1432300.0,-4.7223,-7.544,60.67023,"September 16, 21",-0.07544
2021-09-15,62.6899986,65.3600006,62.6899986,62.9799995,59.5708008,2657300.0,2657300.0,-3.1192,-4.976,62.54027,"September 15, 21",-0.04976
2021-09-14,63.0200005,63.3250008,61.3199997,61.6899986,58.3506279,1377500.0,1377500.0,-4.66937,-7.409,60.99854,"September 14, 21",-0.07409
2021-09-13,60.5600014,62.6699982,60.4599991,62.6599998,59.2681236,2490200.0,2490200.0,-1.29188,-2.133,60.79937,"September 13, 21",-0.02133
2021-09-10,61.3600006,61.4300003,59.5099983,59.5400009,56.3170166,1394800.0,1394800.0,-5.04298,-8.219,59.08567,"September 10, 21",-0.08219
2021-09-09,60.7900009,62.1599998,60.2700005,60.5699997,57.2912598,1752500.0,1752500.0,-3.49874,-5.755,59.90709,"September 09, 21",-0.05755
2021-09-08,60.0,61.4500008,59.8300018,60.8800011,57.5844803,1972900.0,1972900.0,-2.41552,-4.026,59.62149,"September 08, 21",-0.04026
2021-09-07,59.0200005,60.7599983,59.0200005,59.8300018,56.5913162,1694900.0,1694900.0,-2.42868,-4.115,58.79044,"September 07, 21",-0.04115
2021-09-03,58.8100014,59.1899986,57.8400002,59.0299988,55.8346176,1015300.0,1015300.0,-2.97538,-5.059,57.62154,"September 03, 21",-0.05059
2021-09-02,57.0,58.7900009,56.7599983,58.2900009,55.1346779,1362400.0,1362400.0,-1.86532,-3.272,56.89489,"September 02, 21",-0.03272
2021-09-01,55.7799988,56.6899986,55.4399986,56.6100006,53.54562,1345300.0,1345300.0,-2.23438,-4.006,55.22521,"September 01, 21",-0.04006
2021-08-31,54.75,55.9500008,54.75,55.8100014,52.7889252,1772800.0,1772800.0,-1.96107,-3.582,54.49631,"August 31, 21",-0.03582
2021-08-30,55.6100006,55.6599998,54.6399994,54.7900009,51.8241386,516500.0,516500.0,-3.78586,-6.808,54.04138,"August 30, 21",-0.06808
2021-08-27,53.5099983,56.5,53.4099998,55.3800011,52.3822021,2092500.0,2092500.0,-1.1278,-2.108,54.0974,"August 27, 21",-0.02108
2021-08-26,52.8699989,53.2900009,52.3699989,53.1100006,50.2350769,953200.0,953200.0,-2.63492,-4.984,51.96503,"August 26, 21",-0.04984
2021-08-25,52.6100006,53.3400002,51.9199982,53.0299988,50.1594048,980900.0,980900.0,-2.4506,-4.658,51.80647,"August 25, 21",-0.04658
2021-08-24,52.5099983,53.0200005,51.5900002,52.7000008,49.8472748,1247000.0,1247000.0,-2.66272,-5.071,51.48576,"August 24, 21",-0.05071
2021-08-23,52.7599983,53.2599983,51.9199982,52.25,49.4216309,1059600.0,1059600.0,-3.33837,-6.327,51.53388,"August 23, 21",-0.06327
2021-08-20,51.4099998,53.0900002,51.4000015,52.6699982,49.493515,1388400.0,1388400.0,-1.91648,-3.728,51.32784,"August 20, 21",-0.03728
2021-08-19,51.2599983,52.1199989,50.7099991,51.9700012,48.8357353,1189500.0,1189500.0,-2.42426,-4.729,50.55524,"August 19, 21",-0.04729
2021-08-18,54.6699982,54.7999992,52.4000015,52.4199982,49.2585945,605200.0,605200.0,-5.4114,-9.898,52.15287,"August 18, 21",-0.09898
2021-08-17,55.25,56.8699989,54.25,54.7700005,51.4668694,862000.0,862000.0,-3.78313,-6.847,54.19562,"August 17, 21",-0.06847
2021-08-16,56.0699997,56.75,54.3400002,55.8300018,52.462944,1790400.0,1790400.0,-3.60706,-6.433,54.51765,"August 16, 21",-0.06433
2021-08-13,59.0299988,59.0400009,56.4500008,56.7900009,53.3650436,1459400.0,1459400.0,-5.66496,-9.597,56.28502,"August 13, 21",-0.09597
2021-08-12,57.0800018,59.2999992,56.6599998,58.8100014,55.2632179,1699400.0,1699400.0,-1.81678,-3.183,57.07441,"August 12, 21",-0.03183
2021-08-11,56.7599983,57.8199997,55.3499985,56.9399986,53.5060005,2950300.0,2950300.0,-3.254,-5.733,55.55867,"August 11, 21",-0.05733
2021-08-10,54.1199989,55.8199997,53.8100014,55.5,52.1528435,792800.0,792800.0,-1.96716,-3.635,53.92761,"August 10, 21",-0.03635
2021-08-09,54.5999985,54.7400017,53.8499985,54.0600014,50.7996902,748700.0,748700.0,-3.80031,-6.96,53.1299,"August 09, 21",-0.0696
2021-08-06,54.5699997,55.3600006,54.4399986,55.0400009,51.7205887,380200.0,380200.0,-2.84941,-5.222,53.8402,"August 06, 21",-0.05222
2021-08-05,54.5600014,55.1199989,53.8400002,54.2099991,50.9406395,558300.0,558300.0,-3.61936,-6.634,53.30021,"August 05, 21",-0.06634
2021-08-04,53.9000015,55.4980011,53.2400017,54.4799995,51.194355,559300.0,559300.0,-2.70565,-5.02,53.31079,"August 04, 21",-0.0502
2021-08-03,53.2000008,54.8199997,52.7400017,54.5699997,51.2789268,576400.0,576400.0,-1.92107,-3.611,52.94631,"August 03, 21",-0.03611
2021-08-02,53.9799995,55.2000008,53.1699982,53.2999992,50.0855217,567600.0,567600.0,-3.89448,-7.215,52.81851,"August 02, 21",-0.07215
2021-07-30,55.25,55.5400009,53.6699982,54.0499992,50.7902908,622700.0,622700.0,-4.45971,-8.072,53.33343,"July 30, 21",-0.08072
2021-07-29,55.9099998,55.9199982,54.8800011,55.3400002,52.002491,562900.0,562900.0,-3.90751,-6.989,54.2675,"July 29, 21",-0.06989
2021-07-28,55.1300011,55.8899994,54.7299995,55.4399986,52.0964622,730500.0,730500.0,-3.03354,-5.503,54.23882,"July 28, 21",-0.05503
2021-07-27,54.8699989,55.3199997,54.4300003,54.9599991,51.6454124,952300.0,952300.0,-3.22459,-5.877,53.79847,"July 27, 21",-0.05877
2021-07-26,54.9900017,55.8899994,54.5099983,55.1800003,51.8521423,1040000.0,1040000.0,-3.13786,-5.706,54.08405,"July 26, 21",-0.05706
2021-07-23,54.2299995,54.8100014,53.4500008,54.7900009,51.4856644,1090800.0,1090800.0,-2.74434,-5.061,53.24856,"July 23, 21",-0.05061
2021-07-22,52.9000015,54.6300011,52.3699989,53.9799995,50.7245102,890400.0,890400.0,-2.17549,-4.112,52.57484,"July 22, 21",-0.04112
2021-07-21,51.3199997,53.2999992,50.7700005,52.9599991,49.7660255,1125800.0,1125800.0,-1.55397,-3.028,51.27868,"July 21, 21",-0.03028
2021-07-20,48.8600006,51.0950012,48.6399994,50.8100014,47.7456932,874700.0,874700.0,-1.11431,-2.281,49.16023,"July 20, 21",-0.02281
2021-07-19,49.5,50.0999985,48.1899986,48.9000015,45.9508858,1172800.0,1172800.0,-3.54911,-7.17,48.08029,"July 19, 21",-0.0717
2021-07-16,51.0200005,51.4099998,48.8300018,50.1399994,47.1160965,805500.0,805500.0,-3.9039,-7.652,49.1187,"July 16, 21",-0.07652
2021-07-15,50.3499985,51.2700005,50.0,50.7200012,47.6611214,1350300.0,1350300.0,-2.68888,-5.34,49.64371,"July 15, 21",-0.0534
2021-07-14,54.0499992,54.3400002,50.7999992,50.8400002,47.7738838,786600.0,786600.0,-6.27612,-11.612,50.97129,"July 14, 21",-0.11612
2021-07-13,54.6899986,54.8300018,53.7700005,53.8100014,50.5647697,495800.0,495800.0,-4.12523,-7.543,53.05492,"July 13, 21",-0.07543
2021-07-12,54.5099983,55.0200005,53.8199997,54.7400017,51.4386787,895700.0,895700.0,-3.07132,-5.634,53.42623,"July 12, 21",-0.05634
2021-07-09,54.9500008,54.9500008,54.1199989,54.8100014,51.5044556,599500.0,599500.0,-3.44555,-6.27,53.52482,"July 09, 21",-0.0627
2021-07-08,53.7900009,54.7900009,53.3300018,54.6100006,51.3165207,820400.0,820400.0,-2.47348,-4.598,53.14551,"July 08, 21",-0.04598
2021-07-07,53.6599998,54.6800003,52.6699982,54.2599983,50.9876251,844800.0,844800.0,-2.67237,-4.98,52.77921,"July 07, 21",-0.0498
2021-07-06,54.5999985,54.5999985,52.7000008,53.8600006,50.6117477,809900.0,809900.0,-3.98825,-7.304,52.63725,"July 06, 21",-0.07304
2021-07-02,54.0099983,54.9199982,53.5,54.5900002,51.2977219,755800.0,755800.0,-2.71228,-5.022,53.23924,"July 02, 21",-0.05022
2021-07-01,52.8199997,54.1800003,52.3899994,53.9900017,50.7339096,1452700.0,1452700.0,-2.08609,-3.949,52.43464,"July 01, 21",-0.03949
2021-06-30,49.5999985,52.0299988,49.5900002,51.9199982,48.7887421,1480100.0,1480100.0,-0.81126,-1.636,50.13625,"June 30, 21",-0.01636
2021-06-29,51.2999992,52.3199997,49.2099991,49.5499992,46.5616798,1478000.0,1478000.0,-4.73832,-9.236,49.36389,"June 29, 21",-0.09236
2021-06-28,53.0999985,53.3899994,50.7400017,51.0,47.9242363,1853900.0,1853900.0,-5.17576,-9.747,50.68475,"June 28, 21",-0.09747
2021-06-25,53.2200012,53.5600014,52.6899986,53.1300011,49.9257774,1.37602E7,1.37602E7,-3.29422,-6.19,52.05859,"June 25, 21",-0.0619
2021-06-24,52.8400002,54.2000008,52.3899994,53.0900002,49.8881836,1768800.0,1768800.0,-2.95182,-5.586,52.15939,"June 24, 21",-0.05586
2021-06-23,53.8800011,54.2799988,52.6100006,52.9300003,49.7378349,1302700.0,1302700.0,-4.14217,-7.688,52.20928,"June 23, 21",-0.07688
2021-06-22,55.2099991,55.2099991,52.8600006,53.6100006,50.3768272,2750100.0,2750100.0,-4.83317,-8.754,52.81561,"June 22, 21",-0.08754
2021-06-21,53.5400009,55.2099991,52.8899994,55.0800018,51.7581711,2881500.0,2881500.0,-1.78183,-3.328,53.28606,"June 21, 21",-0.03328
2021-06-18,53.0800018,53.7999992,52.7200012,53.1100006,49.9069824,3169900.0,3169900.0,-3.17302,-5.978,52.14233,"June 18, 21",-0.05978
2021-06-17,53.9199982,54.0699997,52.0099983,53.7599983,50.5177803,2991600.0,2991600.0,-3.40222,-6.31,52.19926,"June 17, 21",-0.0631
2021-06-16,55.9599991,56.3600006,53.8400002,54.0900002,50.827877,2412100.0,2412100.0,-5.13212,-9.171,53.67596,"June 16, 21",-0.09171
2021-06-15,56.9900017,56.9900017,55.4300003,55.9599991,52.5850983,1689500.0,1689500.0,-4.4049,-7.729,55.0017,"June 15, 21",-0.07729
2021-06-14,56.1500015,56.7099991,55.4599991,55.8300018,52.462944,1610100.0,1610100.0,-3.68706,-6.566,54.87765,"June 14, 21",-0.06566
2021-06-11,55.9199982,56.5400009,55.3899994,56.2200012,52.829422,1086800.0,1086800.0,-3.09058,-5.527,54.91981,"June 11, 21",-0.05527
2021-06-10,55.7099991,55.8300018,54.7599983,55.5800018,52.2280197,1343100.0,1343100.0,-3.48198,-6.25,54.27267,"June 10, 21",-0.0625
2021-06-09,55.5999985,55.8400002,54.5099983,55.4300003,52.0870667,886200.0,886200.0,-3.51293,-6.318,54.14569,"June 09, 21",-0.06318
2021-06-08,55.0499992,55.9300003,54.2299995,55.5099983,52.1622391,1999500.0,1999500.0,-2.88776,-5.246,54.10741,"June 08, 21",-0.05246
2021-06-07,55.5900002,56.0699997,54.6199989,55.5400009,52.1904335,1978600.0,1978600.0,-3.39957,-6.115,54.29348,"June 07, 21",-0.06115
2021-06-04,53.5699997,54.6500015,52.8800011,54.4300003,51.1473732,929500.0,929500.0,-2.42263,-4.522,52.89246,"June 04, 21",-0.04522
2021-06-03,53.3899994,53.8899994,52.4799995,53.4799995,50.2546692,755700.0,755700.0,-3.13533,-5.873,52.20822,"June 03, 21",-0.05873
2021-06-02,55.0,55.0,53.2000008,53.4199982,50.1982841,1079700.0,1079700.0,-4.80172,-8.73,52.79943,"June 02, 21",-0.0873
2021-06-01,53.5699997,54.9900017,53.1300011,54.8800011,51.5702362,1429300.0,1429300.0,-1.99976,-3.733,53.23008,"June 01, 21",-0.03733
2021-05-28,53.0,53.2000008,52.2799988,52.7999992,49.6156807,652500.0,652500.0,-3.38432,-6.386,51.69856,"May 28, 21",-0.06386
2021-05-27,53.25,53.25,51.5400009,52.9500008,49.7566338,1807600.0,1807600.0,-3.49337,-6.56,51.51554,"May 27, 21",-0.0656
2021-05-26,50.4300003,53.0999985,50.0649986,52.7999992,49.6156807,1400600.0,1400600.0,-0.81432,-1.615,50.92689,"May 26, 21",-0.01615
2021-05-25,50.4700012,51.1699982,49.9099998,50.4399986,47.3980026,726400.0,726400.0,-3.072,-6.087,49.49267,"May 25, 21",-0.06087
2021-05-24,50.7000008,50.9300003,49.8300018,50.5499992,47.5013733,955800.0,955800.0,-3.19863,-6.309,49.42046,"May 24, 21",-0.06309
2021-05-21,50.4399986,50.7200012,49.6749992,50.4300003,47.3886108,1668000.0,1668000.0,-3.05139,-6.05,49.2612,"May 21, 21",-0.0605
2021-05-20,50.9000015,51.3790016,50.3209991,50.4900017,47.1217384,913100.0,913100.0,-3.77826,-7.423,49.60725,"May 20, 21",-0.07423
2021-05-19,50.4099998,51.2480011,50.012001,51.0,47.5977173,928100.0,928100.0,-2.81228,-5.579,49.61924,"May 19, 21",-0.05579
2021-05-18,50.7999992,52.0,50.5999985,51.2999992,47.8777008,2565200.0,2565200.0,-2.9223,-5.753,50.15923,"May 18, 21",-0.05753
2021-05-17,48.9700012,50.4000015,48.8100014,49.9900017,46.655098,1427100.0,1427100.0,-2.3149,-4.727,48.6217,"May 17, 21",-0.04727
2021-05-14,49.0,49.8199997,48.7200012,48.8699989,45.6098099,2141500.0,2141500.0,-3.39019,-6.919,48.04994,"May 14, 21",-0.06919
2021-05-13,49.4900017,50.5900002,48.1899986,49.5,46.1977806,831200.0,831200.0,-3.29222,-6.652,48.32593,"May 13, 21",-0.06652
2021-05-12,52.6800003,52.6800003,48.2799988,49.4799995,46.1791153,2008400.0,2008400.0,-6.50089,-12.34,49.04637,"May 12, 21",-0.1234
2021-05-11,49.1699982,49.7299995,48.1599998,49.0600014,45.7871361,1135800.0,1135800.0,-3.38286,-6.88,47.89238,"May 11, 21",-0.0688
2021-05-10,49.6300011,49.9700012,49.25,49.5699997,46.2631149,840000.0,840000.0,-3.36689,-6.784,48.49437,"May 10, 21",-0.06784
2021-05-07,47.1599998,49.5,47.1599998,49.1699982,45.8897934,1809500.0,1809500.0,-1.27021,-2.693,47.5166,"May 07, 21",-0.02693
2021-05-06,46.6899986,47.8300018,46.6899986,47.5099983,44.3405342,1222600.0,1222600.0,-2.34946,-5.032,46.28684,"May 06, 21",-0.05032
2021-05-05,46.2299995,47.6300011,46.0950012,46.7400017,43.6219025,1923400.0,1923400.0,-2.6081,-5.642,45.7823,"May 05, 21",-0.05642
2021-05-04,46.5,46.5,45.5999985,46.0,42.9312706,772200.0,772200.0,-3.56873,-7.675,45.01042,"May 04, 21",-0.07675
2021-05-03,45.9700012,46.6199989,45.4099998,46.3600006,43.2672615,870300.0,870300.0,-2.70274,-5.879,45.09909,"May 03, 21",-0.05879
2021-04-30,46.5099983,47.4799995,45.3199997,45.5699997,42.529953,766100.0,766100.0,-3.98005,-8.557,45.10998,"April 30, 21",-0.08557
2021-04-29,46.4199982,48.5,45.7900009,46.9500008,43.8178978,1033800.0,1033800.0,-2.6021,-5.606,46.03597,"April 29, 21",-0.05606
2021-04-28,47.1500015,47.3199997,45.9399986,46.1800003,43.0992622,599700.0,599700.0,-4.05074,-8.591,45.45309,"April 28, 21",-0.08591
2021-04-27,46.6500015,47.5,46.3800011,46.8699989,43.7432365,721700.0,721700.0,-2.90676,-6.231,45.87441,"April 27, 21",-0.06231
2021-04-26,46.3400002,47.4599991,46.2700005,46.8800011,43.7525673,380100.0,380100.0,-2.58743,-5.584,45.82752,"April 26, 21",-0.05584
2021-04-23,46.0499992,47.2200012,45.4199982,46.4599991,43.3605843,471700.0,471700.0,-2.68941,-5.84,45.33353,"April 23, 21",-0.0584
2021-04-22,46.2700005,46.9000015,45.8499985,46.0800018,43.0059357,1098600.0,1098600.0,-3.26406,-7.054,45.25198,"April 22, 21",-0.07054
2021-04-21,45.5400009,46.5900002,44.7809982,46.2400017,43.1552658,593000.0,593000.0,-2.38474,-5.237,44.84209,"April 21, 21",-0.05237
2021-04-20,45.9700012,46.3100014,44.3100014,45.7099991,42.6606178,595800.0,595800.0,-3.30938,-7.199,44.42687,"April 20, 21",-0.07199
2021-04-19,45.7099991,46.625,45.4099998,45.9700012,42.9032745,386400.0,386400.0,-2.80672,-6.14,44.97942,"April 19, 21",-0.0614
2021-04-16,46.7000008,46.8899994,45.3250008,45.6500015,42.6046181,390800.0,390800.0,-4.09538,-8.77,44.93987,"April 16, 21",-0.0877
2021-04-15,46.1599998,46.5800018,45.3499985,46.1899986,43.108593,465700.0,465700.0,-3.05141,-6.611,45.01286,"April 15, 21",-0.06611
2021-04-14,45.6699982,46.3100014,45.25,46.1899986,43.108593,821100.0,821100.0,-2.56141,-5.609,44.88953,"April 14, 21",-0.05609
2021-04-13,45.3499985,45.8199997,45.3199997,45.5099983,42.4739609,312000.0,312000.0,-2.87604,-6.342,44.53799,"April 13, 21",-0.06342
2021-04-12,45.6699982,45.9199982,45.25,45.4500008,42.4179649,640400.0,640400.0,-3.25203,-7.121,44.52932,"April 12, 21",-0.07121
2021-04-09,45.2000008,45.9099998,44.4799995,45.5400009,42.5019608,686000.0,686000.0,-2.69804,-5.969,44.29732,"April 09, 21",-0.05969
2021-04-08,44.9900017,45.8199997,44.7700005,45.3300018,42.3059692,732100.0,732100.0,-2.68403,-5.966,44.29866,"April 08, 21",-0.05966
2021-04-07,45.1100006,46.0,44.4000015,45.0999985,42.0913086,943000.0,943000.0,-3.01869,-6.692,44.16377,"April 07, 21",-0.06692
2021-04-06,45.0099983,45.9500008,44.0499992,45.2099991,42.1939735,725400.0,725400.0,-2.81602,-6.256,44.06466,"April 06, 21",-0.06256
2021-04-05,44.8199997,45.1549988,43.5,44.6599998,41.6806641,580000.0,580000.0,-3.13934,-7.004,43.44522,"April 05, 21",-0.07004
2021-04-01,43.0900002,45.7949982,42.8250008,44.9300003,41.9326515,619000.0,619000.0,-1.15735,-2.686,43.51755,"April 01, 21",-0.02686
2021-03-31,43.0299988,44.5180016,42.1899986,43.3899994,40.4953918,446700.0,446700.0,-2.53461,-5.89,42.40113,"March 31, 21",-0.0589
2021-03-30,42.2700005,43.4000015,41.2900009,43.1399994,40.2620659,480200.0,480200.0,-2.00793,-4.75,41.65069,"March 30, 21",-0.0475
2021-03-29,43.4000015,43.5099983,42.3400002,42.5200005,39.6834297,204000.0,204000.0,-3.71657,-8.564,41.84448,"March 29, 21",-0.08564
2021-03-26,42.2700005,43.3400002,42.1399994,43.3300018,40.4393959,325000.0,325000.0,-1.8306,-4.331,41.97313,"March 26, 21",-0.04331
2021-03-25,41.1500015,42.3300018,40.0,42.1599998,39.3474464,675200.0,675200.0,-1.80256,-4.38,40.55915,"March 25, 21",-0.0438
2021-03-24,42.5,42.7999992,41.2799988,41.5999985,38.8248024,688700.0,688700.0,-3.6752,-8.648,40.96827,"March 24, 21",-0.08648
2021-03-23,42.2799988,42.7200012,41.0400009,41.7000008,38.918129,447000.0,447000.0,-3.36187,-7.951,40.89271,"March 23, 21",-0.07951
2021-03-22,43.2299995,43.5,41.9199982,42.75,39.8980865,539100.0,539100.0,-3.33191,-7.707,41.77269,"March 22, 21",-0.07707
2021-03-19,43.2999992,43.7599983,42.7999992,43.3100014,40.4207306,537100.0,537100.0,-2.87927,-6.65,42.32691,"March 19, 21",-0.0665
2021-03-18,44.9199982,45.25,43.2200012,43.5,40.598053,886900.0,886900.0,-4.32195,-9.621,43.02268,"March 18, 21",-0.09621
2021-03-17,44.8699989,45.5999985,44.2000008,45.2799988,42.259304,543100.0,543100.0,-2.61069,-5.818,44.01977,"March 17, 21",-0.05818
2021-03-16,45.7799988,45.875,43.9449997,44.8100014,41.8206596,717600.0,717600.0,-3.95934,-8.649,43.88022,"March 16, 21",-0.08649
2021-03-15,45.9199982,46.25,45.0999985,45.75,42.6979446,626800.0,626800.0,-3.22205,-7.017,44.68265,"March 15, 21",-0.07017
2021-03-12,46.1300011,46.3100014,44.8899994,45.75,42.6979446,684300.0,684300.0,-3.43206,-7.44,44.63265,"March 12, 21",-0.0744
2021-03-11,44.75,45.8199997,44.5099983,45.3400002,42.3153,578900.0,578900.0,-2.4347,-5.441,44.2151,"March 11, 21",-0.05441
2021-03-10,44.2599983,44.8699989,43.7700005,44.75,41.7646599,484300.0,484300.0,-2.49534,-5.638,43.46822,"March 10, 21",-0.05638
2021-03-09,43.6899986,44.9399986,43.6189995,44.2799988,41.3260117,183400.0,183400.0,-2.36399,-5.411,43.295,"March 09, 21",-0.05411
2021-03-08,44.6899986,45.1300011,43.0099983,44.3699989,41.4100113,1125500.0,1125500.0,-3.27999,-7.339,43.18334,"March 08, 21",-0.07339
2021-03-05,47.0,47.0800018,44.0200005,45.0299988,42.0259819,968200.0,968200.0,-4.97402,-10.583,44.37533,"March 05, 21",-0.10583
2021-03-04,47.6599998,48.7900009,45.7900009,46.1800003,43.0992622,679700.0,679700.0,-4.56074,-9.569,45.89309,"March 04, 21",-0.09569
2021-03-03,45.5099983,47.6399994,45.2200012,47.25,44.0978813,1214600.0,1214600.0,-1.41212,-3.103,45.65263,"March 03, 21",-0.03103
2021-03-02,44.6699982,46.75,44.6699982,45.2999992,42.2779732,756600.0,756600.0,-2.39202,-5.355,44.56599,"March 02, 21",-0.05355
2021-03-01,44.4500008,45.2799988,44.0800018,44.6699982,41.6899948,718900.0,718900.0,-2.76001,-6.209,43.68333,"March 01, 21",-0.06209
2021-02-26,44.5600014,44.9399986,43.4150009,44.1800003,41.2326889,466100.0,466100.0,-3.32731,-7.467,43.1959,"February 26, 21",-0.07467
2021-02-25,45.3199997,45.5,44.0999985,44.75,41.7646599,2485000.0,2485000.0,-3.55534,-7.845,43.78822,"February 25, 21",-0.07845
2021-02-24,43.2400017,45.0800018,42.6399994,45.0,41.997982,3153100.0,3153100.0,-1.24202,-2.872,43.23933,"February 24, 21",-0.02872
2021-02-23,43.9500008,43.9500008,42.0,43.6599998,40.7473755,888400.0,888400.0,-3.20263,-7.287,42.23246,"February 23, 21",-0.07287
2021-02-22,44.8400002,45.0299988,43.6500015,43.8400002,40.9153671,1449400.0,1449400.0,-3.92463,-8.753,43.19846,"February 22, 21",-0.08753
2021-02-19,43.6599998,44.6300011,43.0099983,44.0,41.0646935,1048200.0,1048200.0,-2.59531,-5.944,42.90156,"February 19, 21",-0.05944
2021-02-18,44.2400017,45.0,42.7799988,43.0,40.1314087,1589500.0,1589500.0,-4.10859,-9.287,42.63714,"February 18, 21",-0.09287
2021-02-17,44.0299988,44.5999985,43.5,44.2599983,41.3073463,1910200.0,1910200.0,-2.72265,-6.184,43.13578,"February 17, 21",-0.06184
2021-02-16,44.2000008,45.5400009,43.0099983,43.5499992,40.6447182,1369100.0,1369100.0,-3.55528,-8.044,43.06491,"February 16, 21",-0.08044
2021-02-12,43.0099983,43.5,41.5499992,42.5099983,39.6740952,2088200.0,2088200.0,-3.3359,-7.756,41.5747,"February 12, 21",-0.07756
2021-02-11,45.4700012,45.4700012,42.75,42.7999992,39.9447479,1652100.0,1652100.0,-5.52525,-12.151,42.72158,"February 11, 21",-0.12151
2021-02-10,43.0,50.0,43.0,44.9900017,41.9886551,1836900.0,1836900.0,-1.01134,-2.352,44.99622,"February 10, 21",-0.02352
